{
    "total_runtime": 755.6114032268524,
    "num_documents": 12,
    "input_load_time": 0,
    "workflows": {
        "create_base_text_units": {
            "overall": 0.6119441986083984,
            "0_create_base_text_units": 0.608224630355835
        },
        "create_base_entity_graph": {
            "overall": 231.34716129302979,
            "0_create_base_entity_graph": 231.34310007095337
        },
        "create_final_covariates": {
            "overall": 198.13370490074158,
            "0_create_final_covariates": 198.12931180000305
        },
        "create_final_entities": {
            "overall": 0.20378780364990234,
            "0_create_final_entities": 0.19856882095336914
        },
        "create_final_nodes": {
            "overall": 1.219616413116455,
            "0_create_final_nodes": 1.2113621234893799
        },
        "create_final_communities": {
            "overall": 0.4370303153991699,
            "0_create_final_communities": 0.4303910732269287
        },
        "create_final_relationships": {
            "overall": 0.2212052345275879,
            "0_create_final_relationships": 0.20735716819763184
        },
        "create_final_text_units": {
            "overall": 0.08001971244812012,
            "0_create_final_text_units": 0.0666038990020752
        },
        "create_final_community_reports": {
            "overall": 305.5164403915405,
            "0_create_final_community_reports": 305.4980673789978
        },
        "create_final_documents": {
            "overall": 0.04578137397766113,
            "0_create_final_documents": 0.031080961227416992
        },
        "generate_text_embeddings": {
            "overall": 13.38097596168518,
            "0_generate_text_embeddings": 13.361443519592285
        }
    }
}