{
    "total_runtime": 177.25973510742188,
    "num_documents": 13,
    "input_load_time": 0,
    "workflows": {
        "create_base_text_units": {
            "overall": 0.5274717807769775,
            "0_orderby": 0.004878997802734375,
            "1_zip": 0.008043527603149414,
            "2_aggregate_override": 0.012162208557128906,
            "3_chunk": 0.3995473384857178,
            "4_select": 0.005910158157348633,
            "5_unroll": 0.010887622833251953,
            "6_rename": 0.016259193420410156,
            "7_genid": 0.010973215103149414,
            "8_unzip": 0.010587930679321289,
            "9_copy": 0.009845733642578125,
            "10_filter": 0.03354382514953613
        },
        "create_base_extracted_entities": {
            "overall": 90.66160297393799,
            "0_entity_extract": 90.51591038703918,
            "1_merge_graphs": 0.1348581314086914
        },
        "create_final_covariates": {
            "overall": 0.2632925510406494,
            "0_extract_covariates": 0.150526762008667,
            "1_window": 0.01482391357421875,
            "2_genid": 0.014585733413696289,
            "3_convert": 0.030904293060302734,
            "4_rename": 0.02218914031982422,
            "5_select": 0.01999378204345703
        },
        "create_summarized_entities": {
            "overall": 16.76509428024292,
            "0_summarize_descriptions": 16.75434923171997
        },
        "join_text_units_to_covariate_ids": {
            "overall": 0.05967593193054199,
            "0_select": 0.013379812240600586,
            "1_aggregate_override": 0.026093721389770508
        },
        "create_base_entity_graph": {
            "overall": 0.4479653835296631,
            "0_cluster_graph": 0.4064314365386963,
            "1_select": 0.02237725257873535
        },
        "create_final_entities": {
            "overall": 15.759582996368408,
            "0_unpack_graph": 0.15886306762695312,
            "1_rename": 0.022064924240112305,
            "2_select": 0.02316570281982422,
            "3_dedupe": 0.024222373962402344,
            "4_rename": 0.0368194580078125,
            "5_filter": 0.14189815521240234,
            "6_text_split": 0.04036235809326172,
            "7_drop": 0.028220415115356445,
            "8_merge": 0.4481065273284912,
            "9_text_embed": 14.633472204208374,
            "10_drop": 0.039357662200927734,
            "11_filter": 0.14246320724487305
        },
        "create_final_nodes": {
            "overall": 2.0257835388183594,
            "0_layout_graph": 0.8840377330780029,
            "1_unpack_graph": 0.25220227241516113,
            "2_unpack_graph": 0.31732940673828125,
            "3_drop": 0.030895471572875977,
            "4_filter": 0.17684364318847656,
            "5_select": 0.04244494438171387,
            "6_rename": 0.031207799911499023,
            "7_join": 0.06399393081665039,
            "8_convert": 0.15853285789489746,
            "9_rename": 0.04598546028137207
        },
        "create_final_communities": {
            "overall": 1.6058897972106934,
            "0_unpack_graph": 0.23492860794067383,
            "1_unpack_graph": 0.2746899127960205,
            "2_aggregate_override": 0.04399299621582031,
            "3_join": 0.06544804573059082,
            "4_join": 0.06483578681945801,
            "5_concat": 0.03831815719604492,
            "6_filter": 0.40587282180786133,
            "7_aggregate_override": 0.0646829605102539,
            "8_join": 0.06280732154846191,
            "9_filter": 0.0912163257598877,
            "10_fill": 0.05278158187866211,
            "11_merge": 0.06687235832214355,
            "12_copy": 0.05767369270324707,
            "13_select": 0.04700970649719238
        },
        "join_text_units_to_entity_ids": {
            "overall": 0.1765601634979248,
            "0_select": 0.030581951141357422,
            "1_unroll": 0.055197715759277344,
            "2_aggregate_override": 0.05371880531311035
        },
        "create_final_relationships": {
            "overall": 1.0974299907684326,
            "0_unpack_graph": 0.3068993091583252,
            "1_filter": 0.2668182849884033,
            "2_rename": 0.04645228385925293,
            "3_filter": 0.20169997215270996,
            "4_drop": 0.04301810264587402,
            "5_compute_edge_combined_degree": 0.058547019958496094,
            "6_convert": 0.09113717079162598,
            "7_convert": 0.04419374465942383
        },
        "join_text_units_to_relationship_ids": {
            "overall": 0.2920501232147217,
            "0_select": 0.046222686767578125,
            "1_unroll": 0.0658574104309082,
            "2_aggregate_override": 0.0678706169128418,
            "3_select": 0.06610488891601562
        },
        "create_final_community_reports": {
            "overall": 37.88847351074219,
            "0_prepare_community_reports_nodes": 0.07620930671691895,
            "1_prepare_community_reports_edges": 0.07657170295715332,
            "2_prepare_community_reports_claims": 0.0826883316040039,
            "3_restore_community_hierarchy": 0.10904979705810547,
            "4_prepare_community_reports": 0.4820213317871094,
            "5_create_community_reports": 36.94613480567932,
            "6_window": 0.07176947593688965
        },
        "create_final_text_units": {
            "overall": 0.5966687202453613,
            "0_select": 0.05927300453186035,
            "1_rename": 0.06491661071777344,
            "2_join": 0.08699488639831543,
            "3_join": 0.07096385955810547,
            "4_join": 0.07446742057800293,
            "5_aggregate_override": 0.09205031394958496,
            "6_select": 0.07815933227539062
        },
        "create_base_documents": {
            "overall": 0.8288774490356445,
            "0_unroll": 0.06215214729309082,
            "1_select": 0.07570838928222656,
            "2_rename": 0.07276606559753418,
            "3_join": 0.08160853385925293,
            "4_aggregate_override": 0.07789468765258789,
            "5_join": 0.09184527397155762,
            "6_rename": 0.07792973518371582,
            "7_convert": 0.23958563804626465
        },
        "create_final_documents": {
            "overall": 0.16090703010559082,
            "0_rename": 0.06999778747558594
        }
    }
}