{
    "total_runtime": 258.73708486557007,
    "num_documents": 9,
    "input_load_time": 0,
    "workflows": {
        "create_base_text_units": {
            "overall": 0.6493055820465088,
            "0_create_base_text_units": 0.6456625461578369
        },
        "create_base_entity_graph": {
            "overall": 89.2742600440979,
            "0_create_base_entity_graph": 89.270352602005
        },
        "create_final_covariates": {
            "overall": 0.18867111206054688,
            "0_create_final_covariates": 0.18078041076660156
        },
        "create_final_entities": {
            "overall": 0.09320878982543945,
            "0_create_final_entities": 0.08781719207763672
        },
        "create_final_nodes": {
            "overall": 0.3238790035247803,
            "0_create_final_nodes": 0.31782984733581543
        },
        "create_final_communities": {
            "overall": 0.33080506324768066,
            "0_create_final_communities": 0.3211374282836914
        },
        "create_final_relationships": {
            "overall": 0.132432222366333,
            "0_create_final_relationships": 0.12064480781555176
        },
        "create_final_text_units": {
            "overall": 0.08069419860839844,
            "0_create_final_text_units": 0.07195258140563965
        },
        "create_final_community_reports": {
            "overall": 157.4477722644806,
            "0_create_final_community_reports": 157.43791508674622
        },
        "create_final_documents": {
            "overall": 0.054685354232788086,
            "0_create_final_documents": 0.030034780502319336
        },
        "generate_text_embeddings": {
            "overall": 5.101572275161743,
            "0_generate_text_embeddings": 5.077363014221191
        }
    }
}